id,name,email,how_many
1,Gertrudis Landy,glandy0@spiegel.de,414
2,Aimee Tellwright,atellwright1@xrea.com,1095
3,Frederick Petchey,fpetchey2@privacy.gov.au,2617
4,Elsa Darcey,edarcey3@meetup.com,285
5,Tabbatha Lansdowne,tlansdowne4@dot.gov,649
6,Amalita Cram,acram5@xing.com,1331
7,Gelya Kose,gkose6@europa.eu,2017
8,Vivian Cattrell,vcattrell7@msu.edu,2404
9,Sayre McKomb,smckomb8@google.de,1736
10,Demetris Bonett,dbonett9@bloomberg.com,2085
11,Kermit Joannet,kjoanneta@ft.com,1198
12,Johnnie Pietrzak,jpietrzakb@columbia.edu,792
13,Randi Leile,rleilec@furl.net,1750
14,Brittni China,bchinad@mediafire.com,1312
15,Nilson Blaylock,nblaylocke@microsoft.com,151
16,Martha Doubrava,mdoubravaf@archive.org,1921
17,Merry Charter,mcharterg@buzzfeed.com,134
18,Ewart Baszkiewicz,ebaszkiewiczh@nationalgeographic.com,2889
19,Des McTerlagh,dmcterlaghi@fastcompany.com,2401
20,Alfy Penhearow,apenhearowj@macromedia.com,2332
21,Cyrill McPaike,cmcpaikek@mapy.cz,1046
22,Juan Adame,jadamel@illinois.edu,2452
23,Antony Tape,atapem@gravatar.com,766
24,Wenona Lakey,wlakeyn@biblegateway.com,1343
25,Xymenes Waudby,xwaudbyo@state.tx.us,1225
26,Elisha Henkens,ehenkensp@cpanel.net,2055
27,Emma MacAscaidh,emacascaidhq@goo.gl,2975
28,Corinne Udall,cudallr@ifeng.com,1736
29,Baillie Schneidau,bschneidaus@gnu.org,1822
30,Valentin Wilce,vwilcet@barnesandnoble.com,2174
31,Rita Bittany,rbittanyu@shareasale.com,1650
32,Franciskus Spedroni,fspedroniv@bbb.org,1804
33,Vlad Proswell,vproswellw@stumbleupon.com,2590
34,Happy Frayling,hfraylingx@sakura.ne.jp,2936
35,Gale Livings,glivingsy@rakuten.co.jp,1428
36,Cobby Farmery,cfarmeryz@qq.com,1589
37,Trever Buffy,tbuffy10@sogou.com,2100
38,Hendrik Whitehair,hwhitehair11@de.vu,2352
39,Meier Robilart,mrobilart12@gov.uk,1810
40,Kevan Binny,kbinny13@google.pl,1207
41,Alys Keene,akeene14@1688.com,1412
42,Corene Minty,cminty15@irs.gov,525
43,Abra Churchlow,achurchlow16@statcounter.com,2009
44,Kailey Tabor,ktabor17@networkadvertising.org,1680
45,Rodi Litzmann,rlitzmann18@ucsd.edu,60
46,Killy Shaylor,kshaylor19@elpais.com,577
47,Waylan Shevell,wshevell1a@bing.com,2923
48,Kaye Kruszelnicki,kkruszelnicki1b@apache.org,2027
49,Ray Learmouth,rlearmouth1c@wisc.edu,1213
50,Fawne Prout,fprout1d@mtv.com,863
51,Lek Jayne,ljayne1e@taobao.com,189
52,Marlo Bondesen,mbondesen1f@1und1.de,2938
53,Angelique Croose,acroose1g@usa.gov,1998
54,Ring Spybey,rspybey1h@typepad.com,912
55,Julianna Conichie,jconichie1i@wordpress.com,1951
56,Fanechka Lush,flush1j@answers.com,2414
57,Margaret Stivey,mstivey1k@jugem.jp,2373
58,Darline Hoggan,dhoggan1l@techcrunch.com,1218
59,Eleanora Brockton,ebrockton1m@tripod.com,2463
60,Malachi Thomlinson,mthomlinson1n@aboutads.info,2854
61,Kim Timbs,ktimbs1o@pinterest.com,1427
62,Sloane Gymlett,sgymlett1p@shinystat.com,2716
63,Jarrod Willoughby,jwilloughby1q@cocolog-nifty.com,1482
64,Baird Bourgour,bbourgour1r@webeden.co.uk,2400
65,Jeana Weatherell,jweatherell1s@rakuten.co.jp,1285
66,Warde Oppie,woppie1t@twitpic.com,1160
67,Hazlett Rugg,hrugg1u@naver.com,2285
68,Berenice Rounding,brounding1v@yellowbook.com,2534
69,Isador Barnfather,ibarnfather1w@ebay.com,1811
70,Justin Antoniewicz,jantoniewicz1x@newsvine.com,1987
71,Kath Davidovitch,kdavidovitch1y@skyrock.com,2749
72,Terri Ravilus,travilus1z@newyorker.com,857
73,Lesly Beyne,lbeyne20@myspace.com,300
74,Aldwin Dyment,adyment21@answers.com,723
75,Pryce Monument,pmonument22@ucla.edu,2613
76,Roch Campelli,rcampelli23@opera.com,1580
77,Jordan Bowmen,jbowmen24@usatoday.com,413
78,Humberto Seville,hseville25@blogspot.com,284
79,Sherlock Marsland,smarsland26@who.int,2866
80,Isaac Tearney,itearney27@telegraph.co.uk,330
81,Tabor Crosier,tcrosier28@aol.com,2202
82,Drusie Kinnard,dkinnard29@blogspot.com,1094
83,Garnet Tomala,gtomala2a@macromedia.com,92
84,Bennie Maccrie,bmaccrie2b@paypal.com,1517
85,Walker Roche,wroche2c@geocities.jp,2181
86,Glynn Semmens,gsemmens2d@imageshack.us,2825
87,Marysa McKimmey,mmckimmey2e@barnesandnoble.com,608
88,Fleurette Jirasek,fjirasek2f@java.com,2073
89,Derron Jakoviljevic,djakoviljevic2g@de.vu,59
90,Kristofer Schaffler,kschaffler2h@aboutads.info,2055
91,Doll Wiffield,dwiffield2i@reddit.com,501
92,Almira Duchatel,aduchatel2j@bloglovin.com,422
93,Josefina McNaught,jmcnaught2k@fema.gov,1947
94,Cari Andrelli,candrelli2l@themeforest.net,548
95,Cicely Paybody,cpaybody2m@geocities.jp,546
96,Rockwell Olorenshaw,rolorenshaw2n@slate.com,2519
97,Darrick MacTrustam,dmactrustam2o@twitter.com,913
98,Glynn Pargent,gpargent2p@gizmodo.com,2684
99,Sindee Korting,skorting2q@ucoz.ru,399
100,Linzy Roelofsen,lroelofsen2r@icio.us,779
101,Erek Bambridge,ebambridge2s@statcounter.com,2215
102,Adolph Coddington,acoddington2t@scientificamerican.com,2607
103,Carmel Giscken,cgiscken2u@cnn.com,452
104,Karlie Juris,kjuris2v@vk.com,381
105,Stace McKissack,smckissack2w@ucla.edu,1628
106,Dagmar Peeke-Vout,dpeekevout2x@tinypic.com,1004
107,Marin Pawlett,mpawlett2y@java.com,634
108,Cliff Sparling,csparling2z@amazon.com,1880
109,Hanni Enbury,henbury30@vkontakte.ru,1353
110,Rosamond Robson,rrobson31@g.co,1278
111,Rich Creeber,rcreeber32@ed.gov,1076
112,Dayna Milesap,dmilesap33@cbc.ca,863
113,Binny Mathewes,bmathewes34@google.co.jp,2250
114,Winna Coath,wcoath35@goodreads.com,2738
115,Marni Rides,mrides36@blogger.com,637
116,Catha Corner,ccorner37@upenn.edu,1476
117,Sallyann Sheddan,ssheddan38@wisc.edu,1419
118,Osborne Stile,ostile39@smugmug.com,2307
119,Delora Mushart,dmushart3a@deliciousdays.com,376
120,Aurelie Anscombe,aanscombe3b@auda.org.au,486
121,Pippy Teaze,pteaze3c@wufoo.com,587
122,Correy Donohue,cdonohue3d@sina.com.cn,2644
123,Lorena Colt,lcolt3e@creativecommons.org,1027
124,Aleta Mertgen,amertgen3f@printfriendly.com,1922
125,Rriocard Quennell,rquennell3g@jigsy.com,2204
126,Humfrey Bearward,hbearward3h@google.ca,1487
127,Suki Cameli,scameli3i@youtube.com,2346
128,Jaymee Sail,jsail3j@plala.or.jp,1720
129,Idette Cubbini,icubbini3k@aboutads.info,1844
130,Wadsworth Basill,wbasill3l@ft.com,2359
131,Kinnie Marcum,kmarcum3m@google.com.au,2002
132,Benedict Empson,bempson3n@com.com,25
133,Tommie Bitchener,tbitchener3o@bluehost.com,1984
134,Joline Ruttgers,jruttgers3p@tumblr.com,2973
135,Randie Barson,rbarson3q@europa.eu,2323
136,Van Spawforth,vspawforth3r@geocities.com,1038
137,Saleem Armal,sarmal3s@usa.gov,2649
138,Tori Harnett,tharnett3t@marriott.com,1312
139,Joelle McKeaveney,jmckeaveney3u@accuweather.com,1474
140,Helene Tillyer,htillyer3v@aol.com,578
141,Garrard McPake,gmcpake3w@meetup.com,1177
142,Emanuele Finicj,efinicj3x@yandex.ru,586
143,Simmonds McHale,smchale3y@paypal.com,1098
144,Therine Paris,tparis3z@php.net,1353
145,Coleman Macourek,cmacourek40@alibaba.com,1227
146,Roby Mayall,rmayall41@hibu.com,2869
147,Brenda MacNeish,bmacneish42@si.edu,1871
148,Sydel Govern,sgovern43@gravatar.com,1478
149,Isaac Petty,ipetty44@hhs.gov,2948
150,Orel Arnould,oarnould45@ustream.tv,2489
151,Della Yakhin,dyakhin46@hc360.com,631
152,Shannen Kiossel,skiossel47@vkontakte.ru,570
153,Isabelita Hendrickx,ihendrickx48@umich.edu,905
154,Erinn Cinderey,ecinderey49@google.ru,671
155,Tobias Kagan,tkagan4a@phoca.cz,2418
156,Wenonah Phinnessy,wphinnessy4b@oaic.gov.au,248
157,Ebonee Bimson,ebimson4c@g.co,2774
158,Fanya Bowdery,fbowdery4d@youtu.be,659
159,Allissa Ruhben,aruhben4e@wsj.com,1179
160,Padraig Eddis,peddis4f@opensource.org,1947
161,Sisile Elcock,selcock4g@yandex.ru,1722
162,Kaja Tarrant,ktarrant4h@dell.com,2097
163,Sax Lythgoe,slythgoe4i@virginia.edu,775
164,Geri Grimmett,ggrimmett4j@parallels.com,1979
165,Hedy Pyecroft,hpyecroft4k@sbwire.com,2228
166,Angus Garling,agarling4l@ucoz.ru,2627
167,Lesya Moxham,lmoxham4m@rediff.com,1747
168,Tina Warry,twarry4n@fotki.com,2845
169,Walliw Keyse,wkeyse4o@about.com,958
170,De witt Vouls,dwitt4p@tripod.com,2485
171,Giorgi Rumgay,grumgay4q@gnu.org,2363
172,Tallie Robillard,trobillard4r@mozilla.com,2713
173,Sher Jamme,sjamme4s@free.fr,1658
174,Ingra Arthey,iarthey4t@mit.edu,1857
175,Carmelle Ramberg,cramberg4u@bizjournals.com,1471
176,Bartolemo McGonnell,bmcgonnell4v@redcross.org,1690
177,Marilyn Ickowics,mickowics4w@fda.gov,487
178,Stoddard Scurrey,sscurrey4x@huffingtonpost.com,876
179,Elsi Guynemer,eguynemer4y@nsw.gov.au,846
180,Darya Works,dworks4z@redcross.org,2148
181,Burt Verchambre,bverchambre50@hhs.gov,250
182,Lanny Kendrick,lkendrick51@youtu.be,336
183,Sindee Stainfield,sstainfield52@hao123.com,2130
184,Rebecca Streeton,rstreeton53@livejournal.com,1879
185,Eleanore Dickins,edickins54@feedburner.com,2547
186,Laina Redwall,lredwall55@vkontakte.ru,2271
187,Rachael Hadkins,rhadkins56@adobe.com,1952
188,Selinda Van den Oord,svan57@woothemes.com,528
189,Reta Brugemann,rbrugemann58@sphinn.com,423
190,Barnabas Stambridge,bstambridge59@nhs.uk,335
191,Aubine Daudray,adaudray5a@abc.net.au,357
192,Henriette Bafford,hbafford5b@guardian.co.uk,2590
193,Stephana Carrigan,scarrigan5c@comsenz.com,1753
194,Sella O'Donegan,sodonegan5d@whitehouse.gov,2631
195,Rutherford Kerwen,rkerwen5e@wordpress.com,977
196,Melly Kington,mkington5f@icio.us,2236
197,Mauricio Dingwall,mdingwall5g@yahoo.com,679
198,Susannah Filby,sfilby5h@chronoengine.com,2691
199,Elspeth Gherardelli,egherardelli5i@youtu.be,2099
200,Norbert Pigeon,npigeon5j@examiner.com,2666
201,Donnell Broun,dbroun5k@mlb.com,1305
202,Cyrillus Capron,ccapron5l@istockphoto.com,1151
203,Amabel Brakewell,abrakewell5m@gravatar.com,946
204,Noam Lecount,nlecount5n@google.ru,2434
205,Madalena Smitham,msmitham5o@salon.com,2565
206,Carlene Wrathmell,cwrathmell5p@gravatar.com,1302
207,Mervin Rogeron,mrogeron5q@boston.com,2718
208,Wilow Wewell,wwewell5r@arstechnica.com,2250
209,Cherida Fomichyov,cfomichyov5s@fda.gov,2363
210,Salem Schechter,sschechter5t@webmd.com,578
211,Raine Pearse,rpearse5u@census.gov,707
212,Doreen Jobke,djobke5v@etsy.com,520
213,Adelind Hawkey,ahawkey5w@delicious.com,998
214,Lisabeth Lung,llung5x@unblog.fr,1790
215,Wynn Gerkens,wgerkens5y@addtoany.com,1645
216,Alasteir Glanders,aglanders5z@ustream.tv,468
217,Isobel Meneyer,imeneyer60@ameblo.jp,1666
218,Catrina Sambles,csambles61@cbslocal.com,2668
219,Bay Tomaszek,btomaszek62@ehow.com,2127
220,Iosep Wollaston,iwollaston63@miitbeian.gov.cn,292
221,Gan Airth,gairth64@macromedia.com,2310
222,Elianore Burberow,eburberow65@wikispaces.com,1676
223,Barb Boarleyson,bboarleyson66@yahoo.com,2337
224,Stephanus Beck,sbeck67@google.ru,2196
225,Hanni Coatman,hcoatman68@ehow.com,2436
226,Vernice Byrd,vbyrd69@wikispaces.com,1888
227,Quintus Crewdson,qcrewdson6a@imgur.com,734
228,Jodie Rustman,jrustman6b@studiopress.com,1747
229,Esdras Cullotey,ecullotey6c@ed.gov,841
230,Babita Ary,bary6d@123-reg.co.uk,1137
231,Izak O'Farrell,iofarrell6e@amazonaws.com,2436
232,May Realy,mrealy6f@imgur.com,615
233,Jeana Walpole,jwalpole6g@slate.com,89
234,Rikki Hold,rhold6h@vk.com,2529
235,Dore Agronski,dagronski6i@naver.com,1571
236,Penni Hurdwell,phurdwell6j@unblog.fr,18
237,Saudra Ticic,sticic6k@chicagotribune.com,272
238,Nananne Greschke,ngreschke6l@dion.ne.jp,2638
239,Carr Elcom,celcom6m@dedecms.com,1924
240,Silvana Bush,sbush6n@smh.com.au,1213
241,Cornelia Thwaites,cthwaites6o@mayoclinic.com,1398
242,Rania Walbrun,rwalbrun6p@ehow.com,1344
243,Everard Moar,emoar6q@istockphoto.com,1991
244,Gavin Buckner,gbuckner6r@nytimes.com,1399
245,Zorana Beckenham,zbeckenham6s@google.com.au,361
246,Trudy Feast,tfeast6t@uiuc.edu,2423
247,Alex Spottiswood,aspottiswood6u@creativecommons.org,2123
248,Olivette Copin,ocopin6v@mlb.com,387
249,Berti Brandacci,bbrandacci6w@earthlink.net,630
250,Klaus Dunwoody,kdunwoody6x@freewebs.com,1725
251,Klement D' Angelo,kd6y@plala.or.jp,1051
252,Bertie Matissoff,bmatissoff6z@acquirethisname.com,576
253,Courtnay Chasier,cchasier70@bbc.co.uk,1854
254,Tabatha Atlee,tatlee71@netlog.com,373
255,Paul Moynihan,pmoynihan72@state.tx.us,1991
256,Selena Ferrolli,sferrolli73@ftc.gov,2073
257,Toma Islep,tislep74@dion.ne.jp,2634
258,Dwight Djurdjevic,ddjurdjevic75@scientificamerican.com,2353
259,Wallie Hartell,whartell76@reuters.com,287
260,Tonie Moxom,tmoxom77@list-manage.com,2508
261,Kenny Krol,kkrol78@ted.com,1061
262,Hyacinthia Paterno,hpaterno79@smh.com.au,2674
263,Brian Beldon,bbeldon7a@miibeian.gov.cn,2644
264,Westbrooke Lovemore,wlovemore7b@earthlink.net,67
265,Freddie Janecki,fjanecki7c@mozilla.com,2500
266,Barton Payler,bpayler7d@salon.com,2805
267,Nathaniel Janauschek,njanauschek7e@blogger.com,112
268,Jaine Dickon,jdickon7f@usatoday.com,1032
269,Samson Zorzenoni,szorzenoni7g@alexa.com,1643
270,Jeanie Scandrett,jscandrett7h@accuweather.com,2086
271,Mariana Gossipin,mgossipin7i@newsvine.com,1650
272,Bernelle Sedgeman,bsedgeman7j@free.fr,736
273,Scotty Blackborow,sblackborow7k@springer.com,1860
274,Hobie Tregent,htregent7l@miibeian.gov.cn,317
275,Elka Smallacombe,esmallacombe7m@tumblr.com,1210
276,Ogdan Atherton,oatherton7n@npr.org,1935
277,Nappy Gierok,ngierok7o@earthlink.net,588
278,Trina Bilsborrow,tbilsborrow7p@joomla.org,421
279,Huey Coite,hcoite7q@nymag.com,741
280,Margareta Ferreri,mferreri7r@dyndns.org,74
281,Mabelle Headings,mheadings7s@dion.ne.jp,1918
282,Valentijn Kingzet,vkingzet7t@npr.org,2759
283,Zaccaria Tejero,ztejero7u@go.com,1247
284,Stephenie Dobel,sdobel7v@tuttocitta.it,2588
285,Bertie Keyser,bkeyser7w@aol.com,35
286,Merci Robuchon,mrobuchon7x@goodreads.com,1330
287,Jesse Handforth,jhandforth7y@aol.com,797
288,Crissie Ferrarello,cferrarello7z@ask.com,2313
289,Pearce Phlippi,pphlippi80@thetimes.co.uk,2478
290,Shay Wedon,swedon81@odnoklassniki.ru,780
291,Vilma Kenyam,vkenyam82@lulu.com,309
292,Leisha Tuft,ltuft83@microsoft.com,745
293,Nert Rioch,nrioch84@slashdot.org,692
294,Karlene Marciskewski,kmarciskewski85@cnbc.com,547
295,Matt Kimbrough,mkimbrough86@state.tx.us,1809
296,Iorgo Rudolfer,irudolfer87@census.gov,1726
297,Mersey Leverson,mleverson88@topsy.com,1366
298,Jamima Domenicone,jdomenicone89@cafepress.com,2383
299,Delphinia Ranking,dranking8a@cargocollective.com,1963
300,Ike Jeaffreson,ijeaffreson8b@about.me,1291
301,Claire Maillard,cmaillard8c@cnet.com,2950
302,Culver Bacup,cbacup8d@adobe.com,2490
303,Belinda Thing,bthing8e@aol.com,1511
304,Massimiliano Berryman,mberryman8f@umn.edu,2386
305,Tandi Vispo,tvispo8g@desdev.cn,2505
306,Georgine Scamwell,gscamwell8h@marketwatch.com,1227
307,Saidee Telega,stelega8i@adobe.com,281
308,Fawne Keller,fkeller8j@nationalgeographic.com,2961
309,Appolonia Nilles,anilles8k@cloudflare.com,801
310,Nita Celiz,nceliz8l@lycos.com,2068
311,Pace Christene,pchristene8m@hc360.com,671
312,Alaric Denington,adenington8n@cnet.com,199
313,Westbrook Georgeson,wgeorgeson8o@myspace.com,3000
314,Livvie Marchand,lmarchand8p@nbcnews.com,183
315,Guntar Alenin,galenin8q@washingtonpost.com,2393
316,Griselda Hehir,ghehir8r@rediff.com,1763
317,Letisha Husher,lhusher8s@nyu.edu,1793
318,Stacy Bingley,sbingley8t@slashdot.org,158
319,Rorke Gullberg,rgullberg8u@liveinternet.ru,1197
320,Claudina Stainland,cstainland8v@gnu.org,166
321,Lynnet Smallpiece,lsmallpiece8w@webnode.com,2457
322,Eveleen Grishunin,egrishunin8x@is.gd,223
323,Lonna Fewtrell,lfewtrell8y@upenn.edu,211
324,Silva Dumphries,sdumphries8z@prweb.com,171
325,Emmott Shires,eshires90@ezinearticles.com,1596
326,Eleni Gerson,egerson91@yellowpages.com,321
327,Inger Stadden,istadden92@usatoday.com,1721
328,Tristan Skellern,tskellern93@discovery.com,561
329,Koral Vasyagin,kvasyagin94@icq.com,2797
330,Mariele Messham,mmessham95@goodreads.com,810
331,Winthrop Choppin,wchoppin96@springer.com,2132
332,Isiahi Howler,ihowler97@admin.ch,2139
333,Felicity Duplain,fduplain98@washingtonpost.com,958
334,Rodger Kall,rkall99@cnn.com,34
335,Kendell Restall,krestall9a@imgur.com,2300
336,Rosalia Burle,rburle9b@mtv.com,456
337,Jarred Kynston,jkynston9c@cdc.gov,2868
338,Andre Armall,aarmall9d@imdb.com,165
339,Glenden Revett,grevett9e@loc.gov,1188
340,Tristan Berling,tberling9f@live.com,603
341,Theo Gull,tgull9g@usnews.com,646
342,Chrissie Kornilov,ckornilov9h@baidu.com,1801
343,Joana Kennea,jkennea9i@scribd.com,2606
344,Vito Dobbyn,vdobbyn9j@tinypic.com,715
345,Robbie Tinson,rtinson9k@mlb.com,1028
346,Connie Peasegood,cpeasegood9l@reuters.com,1324
347,Avictor Bartol,abartol9m@discuz.net,2275
348,Kirsti Linklet,klinklet9n@addthis.com,1626
349,Bethanne Cowhig,bcowhig9o@rakuten.co.jp,774
350,Brittni Schultze,bschultze9p@xrea.com,1998
351,Agnes Poleykett,apoleykett9q@newsvine.com,1082
352,Chas Felstead,cfelstead9r@blogger.com,374
353,Morgan Brokenbrow,mbrokenbrow9s@reference.com,1155
354,Rockie Lalley,rlalley9t@phpbb.com,2494
355,Fred Lodwick,flodwick9u@accuweather.com,304
356,Titus Korn,tkorn9v@a8.net,2091
357,Prudi Gabby,pgabby9w@dyndns.org,783
358,Raleigh Brinicombe,rbrinicombe9x@google.de,1791
359,Dominica Gaze,dgaze9y@mozilla.com,819
360,Rodi Banck,rbanck9z@comcast.net,322
361,Jeffie Strognell,jstrognella0@cbc.ca,1145
362,Raymond Shreve,rshrevea1@friendfeed.com,54
363,Nomi Beacock,nbeacocka2@github.io,2674
364,Rancell Saiz,rsaiza3@yale.edu,2038
365,Dorrie Clubley,dclubleya4@wufoo.com,1819
366,Bartolomeo Sarrell,bsarrella5@google.es,527
367,Kaitlin Nannoni,knannonia6@smh.com.au,603
368,Hammad Leathers,hleathersa7@drupal.org,2729
369,Dorine Edelheid,dedelheida8@slashdot.org,1280
370,Jehu Orrah,jorraha9@desdev.cn,2990
371,Raynard Aitken,raitkenaa@ocn.ne.jp,2096
372,Layne Hacquel,lhacquelab@time.com,2862
373,Glori Brickstock,gbrickstockac@smh.com.au,1212
374,Paloma Troake,ptroakead@telegraph.co.uk,1228
375,Glory Parzis,gparzisae@shareasale.com,1567
376,Lenee Byk,lbykaf@slashdot.org,2066
377,Ulrika Skpsey,uskpseyag@artisteer.com,41
378,Lola Addenbrooke,laddenbrookeah@qq.com,820
379,Janene Guillot,jguillotai@slashdot.org,600
380,Caz Pickthorne,cpickthorneaj@indiatimes.com,1483
381,Honey Bellocht,hbellochtak@mac.com,1760
382,Norby Colbourn,ncolbournal@smugmug.com,652
383,Dennie Philips,dphilipsam@gizmodo.com,2004
384,Ann-marie Dudenie,adudeniean@nba.com,2900
385,Chickie Birbeck,cbirbeckao@list-manage.com,772
386,Jaimie Postles,jpostlesap@pinterest.com,2621
387,Marillin McShea,mmcsheaaq@prnewswire.com,2984
388,Warden Stearns,wstearnsar@issuu.com,283
389,Kelcy Trenam,ktrenamas@squidoo.com,1337
390,Staffard Nassey,snasseyat@qq.com,1893
391,Gray Eagling,geaglingau@epa.gov,2317
392,Cody Ewdale,cewdaleav@jugem.jp,1469
393,Hazel Stowte,hstowteaw@hexun.com,119
394,Joscelin Ervine,jervineax@comsenz.com,1026
395,Vic Dunbobbin,vdunbobbinay@arstechnica.com,2598
396,Ernst Padden,epaddenaz@meetup.com,2775
397,Camellia Purrier,cpurrierb0@cloudflare.com,819
398,Pam Bleesing,pbleesingb1@tripadvisor.com,2489
399,Enoch Myhan,emyhanb2@psu.edu,304
400,Lorain Shields,lshieldsb3@drupal.org,1003
401,Anselma Chattaway,achattawayb4@un.org,1529
402,Adi Hartnell,ahartnellb5@flavors.me,2630
403,Anna Alkins,aalkinsb6@apple.com,1403
404,Sidoney Metts,smettsb7@statcounter.com,1539
405,Tabby Coskerry,tcoskerryb8@weather.com,282
406,Edythe Tosdevin,etosdevinb9@surveymonkey.com,1672
407,Gus Capponer,gcapponerba@timesonline.co.uk,2282
408,Robinet Corp,rcorpbb@businessweek.com,848
409,Anne-corinne Maddin,amaddinbc@bravesites.com,321
410,Gardiner O'Carran,gocarranbd@desdev.cn,1890
411,Gabriele Whimper,gwhimperbe@merriam-webster.com,1559
412,Cory Eitter,ceitterbf@livejournal.com,576
413,Rip Andrag,randragbg@prlog.org,2172
414,Joleen Stebbings,jstebbingsbh@rambler.ru,183
415,Wenda Faldo,wfaldobi@examiner.com,2398
416,Adan Dible,adiblebj@ycombinator.com,2646
417,Ivette Massey,imasseybk@ifeng.com,417
418,Raleigh Malcolmson,rmalcolmsonbl@theatlantic.com,822
419,Linus Golling,lgollingbm@cbsnews.com,697
420,Dynah Adlam,dadlambn@miibeian.gov.cn,2407
421,Kassi Kantor,kkantorbo@geocities.jp,1457
422,Janie Clelland,jclellandbp@chron.com,1700
423,Marcus Monketon,mmonketonbq@fastcompany.com,1794
424,Aubrey Hinchshaw,ahinchshawbr@spotify.com,1923
425,Kaia Wardingly,kwardinglybs@webmd.com,991
426,Selene Spreadbury,sspreadburybt@ycombinator.com,2916
427,Amargo Doole,adoolebu@canalblog.com,1481
428,Nyssa Gullick,ngullickbv@miibeian.gov.cn,2318
429,Frasco Strognell,fstrognellbw@wunderground.com,1567
430,Winni Van Giffen,wvanbx@army.mil,2617
431,Jocko Leahey,jleaheyby@buzzfeed.com,385
432,Natalya Stormont,nstormontbz@nydailynews.com,1558
433,Terrell Henlon,thenlonc0@live.com,310
434,Cookie Andell,candellc1@bloglovin.com,894
435,Roosevelt Scrymgeour,rscrymgeourc2@joomla.org,1341
436,Yuma Laurentino,ylaurentinoc3@state.gov,127
437,Alexander Cantrell,acantrellc4@creativecommons.org,47
438,Perl Mc Grath,pmcc5@flavors.me,2858
439,Amalea Mordan,amordanc6@cpanel.net,1481
440,Nikos Heynel,nheynelc7@devhub.com,994
441,Berti Furmenger,bfurmengerc8@yahoo.com,1243
442,Cammie Magovern,cmagovernc9@seesaa.net,1401
443,Lisa Horbart,lhorbartca@opensource.org,394
444,Cullan Hendin,chendincb@mysql.com,2861
445,Wheeler Petraitis,wpetraitiscc@macromedia.com,598
446,Meris Bonnick,mbonnickcd@joomla.org,900
447,Leoine Jaeggi,ljaeggice@angelfire.com,1252
448,Andeee Ghiraldi,aghiraldicf@example.com,1162
449,Osborn Kinnerk,okinnerkcg@goo.gl,2405
450,Karmen Guinness,kguinnessch@amazon.co.jp,2607
451,Kira Luberti,klubertici@rediff.com,2712
452,Shae Olver,solvercj@tumblr.com,1859
453,Lewie Morales,lmoralesck@uiuc.edu,2740
454,Shannen Domegan,sdomegancl@ocn.ne.jp,497
455,Tania Dufoure,tdufourecm@skyrock.com,2783
456,Jackelyn Roizn,jroizncn@bigcartel.com,546
457,Minnnie Gladwell,mgladwellco@ycombinator.com,2670
458,Beauregard Hadleigh,bhadleighcp@hugedomains.com,1219
459,Brandy France,bfrancecq@scribd.com,1803
460,Cassi Brookes,cbrookescr@hugedomains.com,2380
461,Evita Hoyes,ehoyescs@google.co.uk,1600
462,Livia Gosson,lgossonct@google.cn,1872
463,Francesca Skain,fskaincu@kickstarter.com,792
464,Jon Shacklady,jshackladycv@theatlantic.com,364
465,Myrwyn Salle,msallecw@yandex.ru,1202
466,Bili Watts,bwattscx@archive.org,2481
467,Aggie Teideman,ateidemancy@ifeng.com,1569
468,Raoul Pahler,rpahlercz@theglobeandmail.com,1470
469,Frasco Basant,fbasantd0@samsung.com,1175
470,Ki Buscombe,kbuscombed1@deviantart.com,210
471,Agnesse Mattevi,amattevid2@zdnet.com,2853
472,Aguste Limb,alimbd3@e-recht24.de,1184
473,Alexina Bearman,abearmand4@nps.gov,2635
474,Paten McKinless,pmckinlessd5@free.fr,2818
475,Allard Nowak,anowakd6@newsvine.com,2776
476,Edith Ambrogiotti,eambrogiottid7@etsy.com,1959
477,Leah Cottesford,lcottesfordd8@simplemachines.org,2233
478,Fidole Drowsfield,fdrowsfieldd9@google.nl,857
479,Kendell Fawltey,kfawlteyda@webeden.co.uk,95
480,Kerry Giacomoni,kgiacomonidb@un.org,2609
481,Eddy Lidden,eliddendc@booking.com,2903
482,Austin Bugge,abuggedd@sfgate.com,954
483,Donielle Cleeves,dcleevesde@java.com,1983
484,Chico Lunt,cluntdf@vistaprint.com,2038
485,Cammy Tunnow,ctunnowdg@adobe.com,2948
486,Karena Raff,kraffdh@trellian.com,1933
487,Daisie McCullum,dmccullumdi@drupal.org,692
488,Aguie Tanner,atannerdj@t.co,503
489,Thaxter McWhannel,tmcwhanneldk@youtube.com,1963
490,Dyann Groucutt,dgroucuttdl@sphinn.com,1437
491,Bekki Barthrop,bbarthropdm@dedecms.com,411
492,Casey Ehlerding,cehlerdingdn@senate.gov,1321
493,Hyacinthe Tipler,htiplerdo@ow.ly,448
494,Rudolf Gianettini,rgianettinidp@technorati.com,1026
495,Charlotte Bru,cbrudq@bbc.co.uk,471
496,Jarrett Elsley,jelsleydr@com.com,784
497,Ameline Mousdall,amousdallds@plala.or.jp,1849
498,Nehemiah Luker,nlukerdt@yellowbook.com,1276
499,Malynda Gergher,mgergherdu@ucsd.edu,2231
500,Gilda Dew,gdewdv@china.com.cn,698
501,Datha Holtham,dholthamdw@vk.com,1629
502,Bobinette Sysland,bsyslanddx@cpanel.net,345
503,Cathee Ambroisin,cambroisindy@ehow.com,122
504,Petronilla O'Hengerty,pohengertydz@blogs.com,1934
505,Shanta Mahony,smahonye0@oracle.com,1955
506,Helaine Dyos,hdyose1@exblog.jp,1859
507,Nissy Connerry,nconnerrye2@godaddy.com,2012
508,Helsa Haps,hhapse3@go.com,1591
509,Rey Castellini,rcastellinie4@japanpost.jp,271
510,Suellen Well,swelle5@unblog.fr,2941
511,Coraline Mynott,cmynotte6@creativecommons.org,222
512,Ferrell Crawshaw,fcrawshawe7@msu.edu,1670
513,Zebulen Tresler,ztreslere8@gravatar.com,448
514,Helene Pattlel,hpattlele9@tinyurl.com,19
515,Alonzo Canet,acanetea@netlog.com,488
516,Marjorie Romanelli,mromanellieb@wikispaces.com,2074
517,Jessika Vasiliu,jvasiliuec@soundcloud.com,1300
518,Staford Crittal,scrittaled@pagesperso-orange.fr,2672
519,Meaghan Ebbage,mebbageee@pen.io,1032
520,Erica Strand,estrandef@webnode.com,2091
521,Raff Fourman,rfourmaneg@bbc.co.uk,2195
522,Marin Darrow,mdarroweh@opensource.org,1381
523,Opalina Bulch,obulchei@blogtalkradio.com,332
524,Georg Elvidge,gelvidgeej@soup.io,1937
525,Reggy Dibbe,rdibbeek@booking.com,911
526,Katy Drohan,kdrohanel@diigo.com,2965
527,Olimpia Bowller,obowllerem@biglobe.ne.jp,1856
528,Ailina Rylatt,arylatten@gnu.org,2709
529,Vinson Vezey,vvezeyeo@scientificamerican.com,1038
530,Pammi McWard,pmcwardep@census.gov,797
531,Hali Darnody,hdarnodyeq@a8.net,2868
532,Etty Ruffli,erufflier@issuu.com,779
533,Frayda Gimblet,fgimbletes@oaic.gov.au,163
534,Raphael Schustl,rschustlet@china.com.cn,1836
535,Reggis Khristyukhin,rkhristyukhineu@fc2.com,2790
536,Percy Greetland,pgreetlandev@histats.com,369
537,Jaclyn Adamovsky,jadamovskyew@surveymonkey.com,658
538,Rozalin Petrik,rpetrikex@prweb.com,1127
539,Bari Lauderdale,blauderdaleey@prweb.com,1987
540,Aurel Zellick,azellickez@pagesperso-orange.fr,1514
541,Fields Kubista,fkubistaf0@shutterfly.com,667
542,Nadia Craigg,ncraiggf1@ucla.edu,1136
543,Robbi Dixcey,rdixceyf2@europa.eu,344
544,Christal Clemson,cclemsonf3@live.com,1903
545,Lilllie Clampin,lclampinf4@com.com,558
546,Lars Heimann,lheimannf5@tumblr.com,13
547,Teresa Neachell,tneachellf6@buzzfeed.com,21
548,Claus Poppy,cpoppyf7@blogger.com,1574
549,Bertina Hamly,bhamlyf8@huffingtonpost.com,1111
550,Nevil Bediss,nbedissf9@gravatar.com,2681
551,Annabell Goudy,agoudyfa@hp.com,2990
552,Lebbie Camelin,lcamelinfb@netscape.com,1809
553,Winne Bickerstasse,wbickerstassefc@businessweek.com,1552
554,Bondon Nice,bnicefd@addthis.com,1452
555,Reese Haire,rhairefe@omniture.com,1590
556,Abbie Masse,amasseff@blogger.com,2879
557,Leesa Crockford,lcrockfordfg@smh.com.au,1692
558,Jeri Brickett,jbrickettfh@reverbnation.com,310
559,Inna Osgerby,iosgerbyfi@nymag.com,2212
560,Skippie Lawfull,slawfullfj@aboutads.info,1443
561,Eulalie Bonavia,ebonaviafk@discuz.net,907
562,Nicoline Moreno,nmorenofl@seesaa.net,2211
563,Devin Lawther,dlawtherfm@dmoz.org,1719
564,Gennie Swansbury,gswansburyfn@dyndns.org,426
565,Darill Chimenti,dchimentifo@bizjournals.com,2127
566,Gale Wudeland,gwudelandfp@last.fm,1145
567,Ernaline Hanaford,ehanafordfq@barnesandnoble.com,1162
568,Christophe Stiell,cstiellfr@cnet.com,648
569,Rob Guinnane,rguinnanefs@princeton.edu,2218
570,Aluino Weond,aweondft@vk.com,1355
571,Judon Cranmor,jcranmorfu@auda.org.au,2021
572,Rusty Austen,raustenfv@trellian.com,2239
573,Jo ann Atterbury,jannfw@chron.com,2713
574,Alphonso Janowicz,ajanowiczfx@exblog.jp,1036
575,Boote Iacovielli,biacoviellify@delicious.com,2089
576,Donaugh Braban,dbrabanfz@netscape.com,1601
577,Haley McCorkell,hmccorkellg0@bandcamp.com,2719
578,Ronnie Aulds,rauldsg1@bravesites.com,1297
579,Auberon Blanpein,ablanpeing2@engadget.com,2853
580,Aleda Goor,agoorg3@sourceforge.net,593
581,Austina Filler,afillerg4@scientificamerican.com,1842
582,Lawry Bison,lbisong5@telegraph.co.uk,2823
583,Ximenez Watson-Brown,xwatsonbrowng6@google.nl,1858
584,Saunderson Clague,sclagueg7@twitpic.com,916
585,Juliane Bischoff,jbischoffg8@bravesites.com,2629
586,Ruperta McKinley,rmckinleyg9@comcast.net,1491
587,Viv Ruilton,vruiltonga@disqus.com,2794
588,Clarice Laight,claightgb@miitbeian.gov.cn,1892
589,Northrop Drepp,ndreppgc@utexas.edu,2958
590,Calvin Fyfield,cfyfieldgd@naver.com,1309
591,Bibbye Grevatt,bgrevattge@hud.gov,2536
592,Brit Castello,bcastellogf@amazonaws.com,1462
593,Thea Lawtey,tlawteygg@bandcamp.com,443
594,Chip Garry,cgarrygh@ning.com,2611
595,Martguerita McGeouch,mmcgeouchgi@arizona.edu,1059
596,Eloisa Dunridge,edunridgegj@irs.gov,1875
597,Wendy Sirette,wsirettegk@stanford.edu,1985
598,Guilbert Grishkov,ggrishkovgl@desdev.cn,2293
599,Padraig Winspurr,pwinspurrgm@oakley.com,2465
600,Liana Stogill,lstogillgn@drupal.org,1819
601,Malena McRorie,mmcroriego@springer.com,284
602,Ignaz Grotty,igrottygp@cbslocal.com,2935
603,Alfreda Jolin,ajolingq@wix.com,802
604,Freddie Ingray,fingraygr@accuweather.com,1260
605,Kari Missington,kmissingtongs@technorati.com,1262
606,Jeth Peert,jpeertgt@odnoklassniki.ru,582
607,Binnie Churcher,bchurchergu@wunderground.com,2621
608,Hillary Gramer,hgramergv@ca.gov,2923
609,Salmon Raft,sraftgw@cmu.edu,337
610,Stevena Agnolo,sagnologx@bigcartel.com,1240
611,Holly-anne Macrae,hmacraegy@dyndns.org,2160
612,Janenna Graeme,jgraemegz@epa.gov,168
613,Helyn Dayley,hdayleyh0@google.com.hk,2455
614,Silvio O'Shavlan,soshavlanh1@domainmarket.com,244
615,Alasteir McCritichie,amccritichieh2@rakuten.co.jp,1669
616,Teressa Goldstein,tgoldsteinh3@howstuffworks.com,733
617,Damon Karran,dkarranh4@cpanel.net,308
618,Molli Spada,mspadah5@homestead.com,1217
619,Dominik Hoston,dhostonh6@google.co.jp,2120
620,Nichols Pendrick,npendrickh7@chron.com,1821
621,Elfie Merioth,emeriothh8@bizjournals.com,1388
622,Leonore Schofield,lschofieldh9@home.pl,2244
623,Bartolomeo Goodfellowe,bgoodfelloweha@ebay.com,1861
624,Molly Moseley,mmoseleyhb@nhs.uk,1501
625,Georgiana Order,gorderhc@oakley.com,977
626,Caitrin Baly,cbalyhd@discovery.com,2795
627,Othelia Meffan,omeffanhe@de.vu,524
628,Colene Meenehan,cmeenehanhf@mysql.com,2339
629,Ameline Baert,abaerthg@wordpress.com,479
630,Robinette Grimditch,rgrimditchhh@economist.com,815
631,Valentina Riolfo,vriolfohi@so-net.ne.jp,396
632,Sonnie Bichard,sbichardhj@amazon.de,2394
633,Winona Radbone,wradbonehk@ucoz.ru,1632
634,Jorge Deboy,jdeboyhl@seesaa.net,2220
635,Woodrow Passby,wpassbyhm@icio.us,1685
636,Jdavie De Souza,jdehn@microsoft.com,1995
637,Al Delgardo,adelgardoho@freewebs.com,985
638,Tate Cormode,tcormodehp@ucla.edu,2442
639,Othella Blabey,oblabeyhq@adobe.com,2620
640,Miguelita Fansy,mfansyhr@house.gov,826
641,Ileana Sterry,isterryhs@paypal.com,2964
642,Tamarra Croizier,tcroizierht@comsenz.com,250
643,Oates McDugal,omcdugalhu@goo.gl,1808
644,Felice Kleinberer,fkleinbererhv@ovh.net,2994
645,Jade Pinnijar,jpinnijarhw@slate.com,636
646,Bob Give,bgivehx@freewebs.com,151
647,Tadd Puffett,tpuffetthy@epa.gov,2729
648,Randall Gaynor,rgaynorhz@imgur.com,2568
649,Powell Lunnon,plunnoni0@go.com,1328
650,Jaine Melin,jmelini1@springer.com,1166
651,Shandee Aharoni,saharonii2@disqus.com,10
652,Kennith Manueau,kmanueaui3@uol.com.br,2270
653,Nolana Ottewill,nottewilli4@rediff.com,2418
654,Dallon Kighly,dkighlyi5@yale.edu,819
655,Tilda Coats,tcoatsi6@nationalgeographic.com,1427
656,Zacharie Penfold,zpenfoldi7@cornell.edu,1121
657,Arnoldo Skett,asketti8@rambler.ru,704
658,Diena Goundsy,dgoundsyi9@webeden.co.uk,2427
659,Shelia Rignall,srignallia@amazon.com,1377
660,Reggie Muat,rmuatib@parallels.com,1944
661,Merwyn Deetlof,mdeetlofic@homestead.com,468
662,Jody Philips,jphilipsid@diigo.com,2113
663,Rosella Braniff,rbraniffie@g.co,1736
664,Palmer Braghini,pbraghiniif@utexas.edu,1798
665,Bryn McSharry,bmcsharryig@digg.com,66
666,Miranda Greves,mgrevesih@google.it,275
667,Culley Hurle,churleii@chicagotribune.com,1174
668,Allianora Assiter,aassiterij@sfgate.com,2447
669,Nikita Yearne,nyearneik@dropbox.com,280
670,Eolanda Flegg,efleggil@opera.com,661
671,Che Perkinson,cperkinsonim@ted.com,870
672,Holly Currington,hcurringtonin@furl.net,1699
673,Karina Mussolini,kmussoliniio@is.gd,103
674,Vale Davydychev,vdavydychevip@mapy.cz,2533
675,Malachi Hembery,mhemberyiq@php.net,329
676,Demetris De Bruijn,ddeir@meetup.com,1203
677,Constantina Stainland,cstainlandis@google.com,1738
678,Robena Caton,rcatonit@sciencedaily.com,1090
679,Scarface Yggo,syggoiu@nyu.edu,398
680,Omero Kendrick,okendrickiv@earthlink.net,2978
681,Galvan Perigo,gperigoiw@studiopress.com,1470
682,Othilie Byers,obyersix@technorati.com,710
683,Falkner Tapton,ftaptoniy@epa.gov,1441
684,Janelle Fulks,jfulksiz@umn.edu,2521
685,Fernande O'Canavan,focanavanj0@imageshack.us,1194
686,Marina Perrinchief,mperrinchiefj1@gov.uk,308
687,Hanson Siddall,hsiddallj2@timesonline.co.uk,321
688,Feodor Ruusa,fruusaj3@independent.co.uk,752
689,Mattie Mungan,mmunganj4@bloglines.com,2297
690,Chevalier Ivashov,civashovj5@scientificamerican.com,299
691,Hurlee Dict,hdictj6@wordpress.com,2730
692,Egor Kivlehan,ekivlehanj7@liveinternet.ru,2063
693,Antonie Vinck,avinckj8@shareasale.com,22
694,Aeriell Craigmyle,acraigmylej9@indiegogo.com,520
695,Maisey Ilieve,milieveja@creativecommons.org,2119
696,Llywellyn Thorogood,lthorogoodjb@yale.edu,478
697,Diannne Cathro,dcathrojc@php.net,2511
698,Roselia Stanners,rstannersjd@tiny.cc,1694
699,Angus Wiper,awiperje@unblog.fr,1296
700,Valaria Pick,vpickjf@cdc.gov,1186
701,Nelson Nathon,nnathonjg@google.com.hk,2927
702,Leone Ginman,lginmanjh@cisco.com,2282
703,Cordie Prestner,cprestnerji@wikimedia.org,2982
704,Granthem Dowling,gdowlingjj@va.gov,2567
705,Tiebold Brimson,tbrimsonjk@sciencedirect.com,2038
706,Randie Rittmeier,rrittmeierjl@microsoft.com,488
707,Kingsly Abbe,kabbejm@wordpress.org,1330
708,Doralin Girardengo,dgirardengojn@scribd.com,1778
709,Ansley Moulden,amouldenjo@wired.com,1531
710,Blanche Burdas,bburdasjp@pen.io,2547
711,Cyril Mountain,cmountainjq@bigcartel.com,2373
712,Sherry Proschke,sproschkejr@intel.com,660
713,Shurwood St. Quentin,sstjs@networksolutions.com,2653
714,Jehu Warrillow,jwarrillowjt@slideshare.net,752
715,Roby Larrad,rlarradju@europa.eu,1705
716,Karena Dillintone,kdillintonejv@patch.com,259
717,Paulie Abramovic,pabramovicjw@psu.edu,441
718,Elroy Forrestall,eforrestalljx@qq.com,1802
719,Romain Hiseman,rhisemanjy@alexa.com,2043
720,Lennie Milmore,lmilmorejz@dedecms.com,2117
721,Brantley Spear,bspeark0@army.mil,1979
722,Cornelle Annets,cannetsk1@list-manage.com,2201
723,Cliff Hasely,chaselyk2@mediafire.com,2092
724,Glynis Parkinson,gparkinsonk3@unblog.fr,2658
725,Remington Sherred,rsherredk4@nsw.gov.au,1409
726,Tallia Joao,tjoaok5@cargocollective.com,1654
727,Garner Lehemann,glehemannk6@wisc.edu,2261
728,Angelia Selway,aselwayk7@wikia.com,984
729,Boris Archard,barchardk8@dell.com,1134
730,Astrix Corroyer,acorroyerk9@dagondesign.com,1949
731,Brynne Liger,bligerka@blogtalkradio.com,2212
732,Stormie Cowen,scowenkb@hubpages.com,382
733,Kelci Youthead,kyoutheadkc@artisteer.com,307
734,Ula Fabri,ufabrikd@epa.gov,2711
735,Andreas Boow,aboowke@huffingtonpost.com,221
736,Brantley Hinrichs,bhinrichskf@google.it,895
737,Skip Tidbold,stidboldkg@chron.com,258
738,Burg Allinson,ballinsonkh@arstechnica.com,1906
739,Valentine Vanne,vvanneki@gizmodo.com,1515
740,Caldwell Mallender,cmallenderkj@360.cn,674
741,Bernetta Gerriet,bgerrietkk@fastcompany.com,2641
742,Maryann Vermer,mvermerkl@ebay.co.uk,2750
743,Suzanne Graves,sgraveskm@opera.com,1943
744,Moises Rydings,mrydingskn@prweb.com,1876
745,Marinna Medling,mmedlingko@cbc.ca,696
746,Gabby Silverstone,gsilverstonekp@stumbleupon.com,2921
747,Dolli Dressel,ddresselkq@nsw.gov.au,943
748,Dori Dahle,ddahlekr@webs.com,790
749,Sandor Deare,sdeareks@meetup.com,1405
750,Rosabelle Kaine,rkainekt@wikispaces.com,1845
751,Nonah Tibalt,ntibaltku@yellowpages.com,2935
752,Lana Feore,lfeorekv@cornell.edu,2195
753,Elianora Fazakerley,efazakerleykw@fastcompany.com,112
754,Doti Sollitt,dsollittkx@discovery.com,130
755,Brana Figge,bfiggeky@who.int,1901
756,Rainer Heninghem,rheninghemkz@fc2.com,374
757,Bev Peyton,bpeytonl0@umn.edu,1955
758,Noak O'Fogarty,nofogartyl1@feedburner.com,2482
759,Randi Waterhowse,rwaterhowsel2@samsung.com,2715
760,Engelbert Pruvost,epruvostl3@ca.gov,483
761,Seamus Derx,sderxl4@chronoengine.com,600
762,Debra Yeell,dyeelll5@huffingtonpost.com,911
763,Adolf Cheavin,acheavinl6@cbc.ca,747
764,Marci Gobell,mgobelll7@canalblog.com,1109
765,Cindi Swaby,cswabyl8@bbc.co.uk,891
766,Madonna Minet,mminetl9@nationalgeographic.com,2612
767,Denys Well,dwellla@buzzfeed.com,491
768,Larissa Flower,lflowerlb@digg.com,1881
769,Elisha Poskitt,eposkittlc@buzzfeed.com,2929
770,Harri de Castelain,hdeld@imdb.com,517
771,Garvin Hassan,ghassanle@acquirethisname.com,1250
772,Abdul Benford,abenfordlf@amazon.com,1605
773,Dasha Holdron,dholdronlg@domainmarket.com,2452
774,Alvinia Hartman,ahartmanlh@fastcompany.com,575
775,Lotta Searight,lsearightli@epa.gov,2254
776,Tessa Bridal,tbridallj@eventbrite.com,1246
777,Marcelle Domino,mdominolk@businessweek.com,2883
778,Sander Pinhorn,spinhornll@smh.com.au,1184
779,Eben Christopherson,echristophersonlm@myspace.com,2843
780,Hilde Smardon,hsmardonln@squarespace.com,639
781,Lyn Drury,ldrurylo@pinterest.com,1524
782,Arline Lansdowne,alansdownelp@github.io,866
783,Augusta Stetson,astetsonlq@xrea.com,872
784,Chastity Russen,crussenlr@yahoo.com,1715
785,Mark Ruane,mruanels@unicef.org,394
786,Donna O'Hagerty,dohagertylt@salon.com,1369
787,Bill Killoran,bkilloranlu@hexun.com,2206
788,Emlynne Antao,eantaolv@symantec.com,693
789,Kimble Tease,kteaselw@flavors.me,776
790,Juliet Gonzales,jgonzaleslx@archive.org,676
791,Benoit Hullett,bhullettly@latimes.com,1323
792,Renie Greenhaugh,rgreenhaughlz@nydailynews.com,2036
793,Anthony Acarson,aacarsonm0@time.com,410
794,Howey Colleer,hcolleerm1@ucla.edu,1918
795,Von MacGibbon,vmacgibbonm2@blog.com,2067
796,Deana Ahrens,dahrensm3@umich.edu,1052
797,Dore Sore,dsorem4@seattletimes.com,393
798,Inesita Camili,icamilim5@archive.org,2001
799,Jeanne Meconi,jmeconim6@economist.com,1985
800,Earl Bareford,ebarefordm7@blog.com,810
801,Laurena Suter,lsuterm8@squidoo.com,2192
802,Hercule Coe,hcoem9@cbsnews.com,1795
803,Alfonse Alberti,aalbertima@canalblog.com,548
804,Pier Hradsky,phradskymb@salon.com,1664
805,Cullen Girodin,cgirodinmc@youtube.com,2564
806,Nerissa Peacock,npeacockmd@newyorker.com,126
807,Joby Macilhench,jmacilhenchme@usda.gov,2082
808,Leland Kohrs,lkohrsmf@indiatimes.com,1405
809,Nickie Calabry,ncalabrymg@yellowbook.com,1645
810,Anette Camerana,acameranamh@ow.ly,1103
811,Alla Simoens,asimoensmi@shop-pro.jp,2421
812,Heather Maywood,hmaywoodmj@pinterest.com,1590
813,Mitchel Lidgate,mlidgatemk@mashable.com,823
814,Normand Hadingham,nhadinghamml@nsw.gov.au,2160
815,Alaster Ternott,aternottmm@chron.com,2888
816,Germaine Enticott,genticottmn@un.org,2445
817,Jarrett Dupree,jdupreemo@opensource.org,1455
818,Brose McCaughran,bmccaughranmp@godaddy.com,658
819,Angelita Delhanty,adelhantymq@toplist.cz,2513
820,Charla Garrity,cgarritymr@cocolog-nifty.com,1139
821,Ruggiero Heed,rheedms@studiopress.com,918
822,Godart Scraggs,gscraggsmt@ustream.tv,987
823,Saleem Eade,seademu@stumbleupon.com,2788
824,Moise Wray,mwraymv@liveinternet.ru,2938
825,Jacky Rex,jrexmw@google.es,1079
826,Judi Balden,jbaldenmx@addthis.com,511
827,Clemens Bernardinelli,cbernardinellimy@cnet.com,1097
828,Lorettalorna Littlewood,llittlewoodmz@reddit.com,1914
829,Lukas Banaszkiewicz,lbanaszkiewiczn0@g.co,1043
830,Shamus Klimshuk,sklimshukn1@purevolume.com,2565
831,Penny Robardley,probardleyn2@china.com.cn,2060
832,Halli Gerrill,hgerrilln3@shop-pro.jp,2078
833,Nehemiah Karpets,nkarpetsn4@dion.ne.jp,1207
834,Gaspard Creane,gcreanen5@booking.com,716
835,Rina Beccero,rbecceron6@comsenz.com,1359
836,Kattie Boxer,kboxern7@woothemes.com,541
837,Chandal Petrichat,cpetrichatn8@soundcloud.com,659
838,Wilhelm Alywin,walywinn9@uol.com.br,63
839,Jerrylee Reboulet,jrebouletna@indiegogo.com,1502
840,Nester Wardhough,nwardhoughnb@sciencedirect.com,109
841,Peyton Gegg,pgeggnc@meetup.com,2570
842,Silvan Wilbud,swilbudnd@opera.com,2830
843,Gloria Chartre,gchartrene@newsvine.com,599
844,Jules Verduin,jverduinnf@sitemeter.com,868
845,Sashenka Keady,skeadyng@livejournal.com,1615
846,Junie Brelsford,jbrelsfordnh@sohu.com,310
847,Frederich Mughal,fmughalni@cloudflare.com,2428
848,Anders Valance,avalancenj@cnn.com,2886
849,Natassia Bruggeman,nbruggemannk@reuters.com,215
850,Gage Dik,gdiknl@qq.com,1430
851,Correy Sewley,csewleynm@privacy.gov.au,2643
852,Amby Dunphie,adunphienn@wiley.com,1620
853,Romola Cornelissen,rcornelissenno@ezinearticles.com,1689
854,Marline Malthouse,mmalthousenp@dot.gov,528
855,Niels Rapps,nrappsnq@wikispaces.com,2944
856,Allianora Kruschev,akruschevnr@java.com,1211
857,Ladonna Borkett,lborkettns@parallels.com,737
858,Kristel Ricardon,kricardonnt@miibeian.gov.cn,1255
859,Nil Knapton,nknaptonnu@zimbio.com,1786
860,Lilah Eagleston,leaglestonnv@usnews.com,1587
861,Ashia Krauss,akraussnw@networksolutions.com,640
862,Nadiya Thorley,nthorleynx@yahoo.com,2559
863,Kelly Mealham,kmealhamny@godaddy.com,2998
864,Branden Lohering,bloheringnz@com.com,2411
865,Nancee Turfes,nturfeso0@hao123.com,613
866,Tailor Grafhom,tgrafhomo1@sogou.com,1243
867,Kaja Monshall,kmonshallo2@blogspot.com,988
868,Allina Rays,arayso3@twitpic.com,1531
869,Evin O' Scallan,eoo4@springer.com,1290
870,Priscella Dehmel,pdehmelo5@csmonitor.com,2168
871,Allix Ridler,aridlero6@cisco.com,2548
872,Lloyd Badman,lbadmano7@zdnet.com,2797
873,Roslyn Matiewe,rmatieweo8@wordpress.org,1550
874,Nicola Riley,nrileyo9@si.edu,1208
875,Pacorro Pyner,ppyneroa@zdnet.com,2534
876,Gaby Pietrzak,gpietrzakob@arstechnica.com,2957
877,Shela MacKaig,smackaigoc@amazon.com,1929
878,Jenna Miall,jmiallod@sbwire.com,1773
879,Ellyn Gunney,egunneyoe@state.tx.us,1554
880,Shurwood Clewett,sclewettof@deliciousdays.com,1851
881,Hewie Croson,hcrosonog@sfgate.com,2989
882,Miner Kinnerk,mkinnerkoh@blogspot.com,2484
883,Goldina Matelyunas,gmatelyunasoi@techcrunch.com,2800
884,Regine Ridges,rridgesoj@admin.ch,2602
885,Willow Harcus,wharcusok@amazon.com,240
886,Donnie Marrison,dmarrisonol@sitemeter.com,1923
887,Nalani O'Lahy,nolahyom@washingtonpost.com,1320
888,Ephrem Sire,esireon@intel.com,693
889,Jephthah Gutierrez,jgutierrezoo@facebook.com,245
890,Ricky Giblett,rgiblettop@elpais.com,128
891,Jan Axtonne,jaxtonneoq@bloomberg.com,2816
892,Jessa Manginot,jmanginotor@hexun.com,2281
893,Elora Lethbridge,elethbridgeos@angelfire.com,1100
894,Krystal Reaman,kreamanot@addtoany.com,1236
895,Rouvin Olivey,roliveyou@usnews.com,206
896,Roberto Freddi,rfreddiov@surveymonkey.com,2664
897,Halsy Lambot,hlambotow@foxnews.com,2246
898,Somerset MacCallion,smaccallionox@unc.edu,2858
899,Barnard Brauner,bbrauneroy@newsvine.com,1025
900,Meta Noad,mnoadoz@pbs.org,2756
901,Cass Masterton,cmastertonp0@posterous.com,2972
902,Lief Lipson,llipsonp1@posterous.com,647
903,Heloise Potts,hpottsp2@va.gov,1808
904,Hilary Ucceli,huccelip3@jiathis.com,470
905,Lizabeth Temporal,ltemporalp4@nbcnews.com,2687
906,Broderic Boken,bbokenp5@aboutads.info,1236
907,Alina Cayzer,acayzerp6@printfriendly.com,466
908,Mel MacGillespie,mmacgillespiep7@simplemachines.org,2998
909,Lombard Gayther,lgaytherp8@nasa.gov,2319
910,Pamella Willmett,pwillmettp9@blogger.com,41
911,Ilsa Hatwells,ihatwellspa@nymag.com,2099
912,Rodrigo Chadwyck,rchadwyckpb@liveinternet.ru,300
913,Eustacia Hargrove,ehargrovepc@nymag.com,922
914,Regan Schimpke,rschimpkepd@buzzfeed.com,1346
915,Onfroi Sabban,osabbanpe@squidoo.com,2801
916,Madalyn Golbourn,mgolbournpf@prweb.com,1453
917,Basil Sandercock,bsandercockpg@bigcartel.com,794
918,Timothy Bilborough,tbilboroughph@youtu.be,1711
919,Hestia Berard,hberardpi@gizmodo.com,1580
920,Josiah De Vile,jdepj@t.co,461
921,Othelia Aberdalgy,oaberdalgypk@slashdot.org,1502
922,Jessie Chittim,jchittimpl@wisc.edu,1148
923,Janaye Mason,jmasonpm@howstuffworks.com,2313
924,Hillard Briar,hbriarpn@msn.com,2344
925,Walsh Aluard,waluardpo@hc360.com,1720
926,Moyna Sebastian,msebastianpp@cdbaby.com,580
927,Tracy Bratty,tbrattypq@google.ru,681
928,Elliot Harold,eharoldpr@google.com,186
929,Paulina Roxburch,proxburchps@squidoo.com,2184
930,Noreen Treweela,ntreweelapt@php.net,1329
931,Thaine Banks,tbankspu@marketwatch.com,1285
932,Bellanca Snap,bsnappv@de.vu,2371
933,Harbert Cudbertson,hcudbertsonpw@disqus.com,2767
934,Willey Legerton,wlegertonpx@google.co.uk,2164
935,Robert Mingard,rmingardpy@google.es,511
936,Antonius Watson,awatsonpz@deliciousdays.com,715
937,Geordie Kilfoyle,gkilfoyleq0@icio.us,1486
938,Isaak Potts,ipottsq1@bbc.co.uk,739
939,Emmy Josefovic,ejosefovicq2@ucoz.com,1930
940,Harp O'Sheeryne,hosheeryneq3@si.edu,1186
941,Bentlee Buntain,bbuntainq4@auda.org.au,2011
942,Yardley Halsho,yhalshoq5@booking.com,1908
943,Percy Mabbett,pmabbettq6@newyorker.com,1304
944,Flory Cornthwaite,fcornthwaiteq7@amazon.com,2087
945,Mikaela McDougald,mmcdougaldq8@nyu.edu,749
946,Adrienne Plows,aplowsq9@indiegogo.com,2970
947,Caitlin Barnhart,cbarnhartqa@aol.com,1081
948,Abie Stillgoe,astillgoeqb@yellowbook.com,326
949,Cariotta Paulich,cpaulichqc@epa.gov,1305
950,Tremayne Aiston,taistonqd@etsy.com,2393
951,Jordan Burkhill,jburkhillqe@nyu.edu,1782
952,Sherwynd Benns,sbennsqf@twitter.com,2191
953,Grethel Blyden,gblydenqg@dailymail.co.uk,1303
954,Marieann Le Noir,mleqh@gravatar.com,1404
955,Joane Hambright,jhambrightqi@mapy.cz,1002
956,Hilliard Curreen,hcurreenqj@huffingtonpost.com,1651
957,Ole Behnecken,obehneckenqk@aol.com,1111
958,Shannon Broe,sbroeql@feedburner.com,355
959,Ash Hardage,ahardageqm@buzzfeed.com,2669
960,Latisha Croston,lcrostonqn@prnewswire.com,1394
961,Elia Grahame,egrahameqo@eepurl.com,1643
962,Elmore Reggiani,ereggianiqp@weebly.com,2562
963,Joanna Shwalbe,jshwalbeqq@accuweather.com,1622
964,Jakob Heathcott,jheathcottqr@macromedia.com,1501
965,Amy Barhem,abarhemqs@istockphoto.com,227
966,Rora Baus,rbausqt@noaa.gov,1075
967,Kari Adey,kadeyqu@instagram.com,1487
968,Pedro Henze,phenzeqv@usnews.com,2854
969,Gert McGenis,gmcgenisqw@ehow.com,1051
970,Milicent Saleway,msalewayqx@slideshare.net,1081
971,Garreth Blenkhorn,gblenkhornqy@engadget.com,773
972,Viva Fellenor,vfellenorqz@shutterfly.com,1949
973,Kirsten Kingerby,kkingerbyr0@scientificamerican.com,2748
974,Adler Doogood,adoogoodr1@cbc.ca,2510
975,Elisabeth Gommes,egommesr2@ameblo.jp,2992
976,Hamilton Coslitt,hcoslittr3@bloglines.com,1417
977,Win Bowkett,wbowkettr4@nature.com,2430
978,Clareta Durnin,cdurninr5@miitbeian.gov.cn,605
979,Wendell Thelwll,wthelwllr6@yahoo.com,1872
980,Chanda Cressy,ccressyr7@about.com,86
981,Fina Fahy,ffahyr8@europa.eu,2059
982,Gunilla Fantham,gfanthamr9@buzzfeed.com,998
983,Stuart Whibley,swhibleyra@woothemes.com,764
984,Arabella Schwandt,aschwandtrb@blogger.com,685
985,Rycca Lonergan,rlonerganrc@biblegateway.com,1483
986,Debor Mollett,dmollettrd@dyndns.org,1656
987,Broddy Carss,bcarssre@umich.edu,1839
988,Hy Turle,hturlerf@ucla.edu,2100
989,Masha MacFadin,mmacfadinrg@pen.io,1774
990,Stearne Pactat,spactatrh@topsy.com,2088
991,Dewie Birdseye,dbirdseyeri@businessinsider.com,2514
992,Haleigh Shovelbottom,hshovelbottomrj@nature.com,1244
993,Ema Gadeaux,egadeauxrk@upenn.edu,2756
994,Alard Pendrey,apendreyrl@latimes.com,700
995,Ainslee Elcum,aelcumrm@ask.com,819
996,Leyla Swindley,lswindleyrn@smh.com.au,2065
997,Matti Leneham,mlenehamro@ow.ly,986
998,Cameron Stroder,cstroderrp@hp.com,2848
999,Sena Laundon,slaundonrq@paginegialle.it,753
1000,Ximenez Coupar,xcouparrr@apache.org,2974
